{
  "XGBoost (calibrated)": {
    "overall": {
      "auc": 0.7604243304559681,
      "precision": 0.09874392220421394,
      "recall": 0.6333160083160083,
      "f1": 0.1708496915311273
    },
    "young": {
      "auc": 0.700209753474353,
      "precision": 0.1111111111111111,
      "recall": 0.006369426751592357,
      "f1": 0.012048192771084338
    },
    "older": {
      "auc": 0.715070178208927,
      "precision": 0.09873941064407604,
      "recall": 0.6599837442427526,
      "f1": 0.17177914110429449
    }
  },
  "Logistic Regression": {
    "overall": {
      "auc": 0.77233325425644,
      "precision": 0.09505639789804866,
      "recall": 0.738045738045738,
      "f1": 0.16842105263157894
    },
    "young": {
      "auc": 0.7201623039042947,
      "precision": 0.23809523809523808,
      "recall": 0.03184713375796178,
      "f1": 0.056179775280898875
    },
    "older": {
      "auc": 0.730370679132724,
      "precision": 0.09495578778135048,
      "recall": 0.7680845299376863,
      "f1": 0.1690166035711092
    }
  },
  "Random Forest (calibrated)": {
    "overall": {
      "auc": 0.7678643518081992,
      "precision": 0.09896233666410453,
      "recall": 0.6691787941787942,
      "f1": 0.17242533815454666
    },
    "young": {
      "auc": 0.7196967034429864,
      "precision": 0.1780821917808219,
      "recall": 0.08280254777070063,
      "f1": 0.11304347826086956
    },
    "older": {
      "auc": 0.7224939722567534,
      "precision": 0.09873973869811539,
      "recall": 0.6941208344622054,
      "f1": 0.17288615965989607
    }
  },
  "Neural Network": {
    "overall": {
      "auc": 0.7744944887716814,
      "precision": 0.09165632754342432,
      "recall": 0.7679313929313929,
      "f1": 0.16376634892485037
    },
    "young": {
      "auc": 0.7206905753695801,
      "precision": 0.17037037037037037,
      "recall": 0.1464968152866242,
      "f1": 0.15753424657534246
    },
    "older": {
      "auc": 0.7308365602789388,
      "precision": 0.0913253387322847,
      "recall": 0.7943646708209158,
      "f1": 0.1638171862777964
    }
  }
}